" But cart has some errors."," Nhưng giỏ hàng có một số lỗi."
" Note: Image size affects the performance of your app."," Chú ý: Kích thước ảnh sẽ ảnh hưởng tới hoạt động ứng dụng của bạn."
"""Description"" is more than %d characters long","""Mô tả sản phẩm"" dài hơn %d ký tự ""
"""Title"" is more than %d characters long","""Tiêu đề"" dài hơn %d ký tự"
"""id"" attribute is required for a ""%s"" field.","Thuộc tính ""ID"" là bắt buộc trong trường ""%s""."
"""line_count"" attribute is required for ""multiline"" element.","Thuộc tính ""đếm dòng"" là bắt buộc cho yếu tố ""nhiều dòng""."
"""message"" attribute is required for ""%s"" validator rule.","Thuộc tính ""tin nhắn"" là bắt buộc cho nguyên tắc xác nhận ""%s""."
"%1$s has been added to your wishlist.","%1$s đã được thêm vào danh sách thích của bạn."
"%1$s incl tax.","%1$s bao gồm thuế."
"%@ is not correct","%@ không đúng"
"%s API Key required.","Yêu cầu mã API %s ."
"%s Application ID required.","Yêu cầu áp dụng ID %s."
"%s Secret Key required.","Yêu cầu Secret Key %s"
"%s attribute is required.","Thuộc tính %s là bắt buộc."
"%s fields is required","Trường %s là bắt buộc"
"%s has been added to your cart.","%s đã được thêm vào giỏ hàng của bạn."
"%s id:","%s id:"
"%s was updated in your shopping cart.","%s đã được cập nhật trong giỏ hàng của bạn."
"(Includes more countries than those listed below. As the application owner, you are responsible for complying with country-specific laws related to the distribution or sale of your application into that country, including your home country.)","(Gồm nhiều nước khác ngoài các nước được liệt kê dưới đây. Là chủ sở hữu ứng dụng, bạn có trách nhiệm tuân thủ pháp luật của chính quốc gia bạn sống, cụ thể liên quan đến việc phân phối hoặc bán ứng dụng của bạn cho quốc gia này và cả quốc gia của bạn.)"
"* - field is required","* - trường bắt buộc"
"*Subject to change","*Đối tượng thay đổi"
"1. Please select type of the action:","1. Vui lòng chọn thao tác:"
"10:40 AM","10:40 AM"
"2. Please select a page","2. Vui lòng chọn trang"
"2. Type Category Name","2. Tên loại mặt hàng"
"2. Type Product Name","2. Tên sản phẩm"
"80px x 80px","80px x 80px"
"80x80 px","80x80 px"
"<a href=""%s"" target=""_blank"">Login</a> to Urban Airship.","<a href=""%s"" target=""_blank"">Đăng nhập</a> vào Urban Airship."
"A Catalog Only App will not support functions such as add to cart, add to wishlist, or login.","Một ứng dụng chỉ chứa danh mục (Catalog Only App) sẽ không hỗ trợ những chức năng như chọn mua, thêm vào danh sách thích hoặc đăng nhập."
"A new password has been sent.","Mật khẩu mới đã được gửi đi."
"About","Về"
"Access forbidden","Truy cập không cho phép"
"Account","Tài khoản"
"Account Information","Thông tin tài khoản"
"Account Settings","Cài đặt tài khoản"
"Account confirmation is required. Please check your email for the confirmation link.","Yêu cầu xác nhận tài khoản. Vui lòng kiểm tra email của bạn với liên kết xác thực."
"Account information has been saved.","Thông tin tài khoản đã được lưu."
"Action","Hoạt động"
"Action type does\'t recognized","Loại hoạt động không rõ ràng"
"Action type does\'t recognized.","Loại hoạt động không rõ ràng."
"Action type doesn\'t recognized.","Loại hoạt động không rõ ràng."
"Activate","Kích hoạt"
"Activate PayPal Checkout","Kích hoạt thanh toán PayPal"
"Activate PayPal MECL","Kích hoạt PayPal MECL"
"Activation Key","Mã kích hoạt"
"Add","Thêm"
"Add Action","Thêm thao tác"
"Add Address from Contacts","Thêm địa chỉ từ thông tin liên lạc"
"Add App","Thêm ứng dụng"
"Add Custom","Thêm tùy chỉnh"
"Add New Address","Thêm địa chỉ mới"
"Add New Template","Thêm mẫu mới"
"Add Page","Thêm trang"
"Add To Wishlist","Thêm vào danh sách thích"
"Add a billing address","Thêm địa chỉ thanh toán"
"Add a shipping address","Thêm địa chỉ giao hàng"
"Add to Cart","Chọn mua"
"Add to Wishlist","Thêm vào danh sách thích"
"Adding Product to Cart...","Đang thêm sản phẩm vào giỏ hàng..."
"Adding Product to WishList...","Đang thêm sản phẩm vào danh sách thích..."
"Additional Address","Địa chỉ bổ sung"
"Additional Info","Thông tin bổ sung"
"Address","Địa chỉ"
"Address 2","Địa chỉ 2"
"Address Book","Sổ địa chỉ"
"Address Book Updated","Sổ địa chỉ đã được cập nhật"
"Address Info","Thông tin địa chỉ"
"Address book is empty","Sổ địa chỉ trống"
"Address data not specified.","Dữ liệu địa chỉ không rõ ràng."
"Address does not belong to this customer.","Địa chỉ không phải của khách hàng này."
"Address has been deleted.","Địa chỉ đã bị xóa."
"Address has been saved.","Địa chỉ đã được lưu."
"Admin Application Settings","Cài đặt ứng dụng quản trị"
"Admin Mobile Application","Ứng dụng điện thoại quản trị"
"Admin application has not been enabled","Ứng dụng quản trị chưa được kích hoạt"
"Administrative contact for this app and for app submission issues.","Liên hệ quản trị về ứng dụng này và những vấn đề gửi ứng dụng."
"Advanced Settings","Cài đặt nâng cao"
"After submitting the App to Magento, please contact <a href=""mailto:%1$s"">%1$s</a> to receive the Application Key, Application Secret and Application Master Secret.,""Sau khi cài đặt ứng dụng Magento, vui lòng liên hệ <a href=""""mailto:%1$s"""">%1$s</a> để nhận các khóa ứng dụng, ứng dụng bí mật và ứng dụng siêu bí mật."""
"AirMail Message Queue","Hàng đợi tin nhắn"
"AirMail Messages Queue","Hàng đợi tin nhắn"
"AirMail Template Preview","Xem trước mẫu"
"AirMail message","Tin nhắn"
"AirMail templates","Mẫu"
"All Allowed Countries","Các quốc gia đúng"
"All Images","Tất cả hình ảnh"
"All locations","Tất cả vị trí"
"Amount","Số lượng"
"Amount in %@","Số lượng theo %@"
"Amounts","Số lượng"
"An account with this email address already exists.","Một tài khoản với địa chỉ email này đã tồn tại."
"An error occurred while adding item to wishlist.","Đã xảy ra lỗi khi thêm sản phẩm vào danh sách thích."
"An error occurred while deleting the address.","Đã xảy ra lỗi khi xóa địa chỉ."
"An error occurred while loading categories.","Xảy ra lỗi khi tải nhóm sản phẩm loại mặt hàng."
"An error occurred while loading category filters.","Xảy ra lỗi khi tải bộ lọc loại mặt hàng."
"An error occurred while loading configuration.","Xảy ra lỗi khi tải cấu hình."
"An error occurred while loading localization.","Xảy ra lỗi khi tải nội địa hóa."
"An error occurred while loading login form.","Xảy ra lỗi khi tải đơn đăng nhập."
"An error occurred while loading wishlist.","Xảy ra lỗi khi tải danh sách thích."
"An error occurred while processing your order. Please contact us or try again later.","Đã xảy ra lỗi trong khi xử lý đơn hàng của bạn. Hãy liên hệ với chúng tôi hoặc thử lại sau."
"An error occurred while processing your request.","Đã xảy ra lỗi trong khi xử lý yêu cầu của bạn."
"An error occurred while removing item from wishlist.","Đã xảy ra lỗi khi xóa sản phẩm khỏi danh sách thích."
"An error occurred while removing items from wishlist.","Đã xảy ra lỗi khi xóa sản phẩm khỏi danh sách thích."
"Analytics","Phân tích"
"Android","Android"
"Android doesn\'t support AirMail message type.","Android không hỗ trợ dạng tin nhắn Air Mail."
"App Background","Nền ứng dụng"
"App Background (landscape mode)","Nền ứng dụng (chế độ ngang)"
"App Background (landscape mode).","Nền ứng dụng (chế độ ngang)."
"App Background (portrait mode)","Nền ứng dụng (chế độ dọc)."
"App Background (portrait mode).","Nền ứng dụng (chế độ dọc)."
"App Background image missing.","Thiếu ảnh nền ứng dụng."
"App Code","Mã ứng dụng"
"App Information","Thông tin ứng dụng"
"App Name","Tên ứng dụng"
"App Stores","Cửa hàng ứng dụng"
"App Submission History","Lịch sử gửi ứng dụng"
"App Title","Tiêu đề Ứng dụng"
"App code","Mã ứng dụng"
"App code required.","Yêu cầu mã ứng dụng."
"App does not exist.","Ứng dụng không tồn tại."
"App has been deleted.","Ứng dụng đã bị xóa."
"App has been saved.","Ứng dụng đã được lưu."
"App has been submitted.","Ứng dụng đã được gửi."
"App model not loaded.","Mô hình ứng dụng không tải được."
"App with specified code does not exist.","Ứng dụng với mã xác định không tồn tại."
"Appears in the info section of your app (example: Copyright 2010 – Your Company, Inc.)","Hiển thị trong phần thông tin ứng dụng của bạn (Ví dụ: Bản quyền 2010 – Tên công ty, Inc.)"
"Application","Ứng dụng"
"Application Key","Mã ứng dụng"
"Application Master Secret","Application Master Secret"
"Application Name","Tên ứng dụng"
"Application Secret","Application Secret"
"Application doesn\'t exist.","Ứng dụng không tồn tại."
"Apply","Áp dụng"
"Applying Coupon Code","Áp dụng mã khuyến mãi"
"Applying Gift Card %@","Áp dụng Gift Card %@"
"Are you sure you want to cancel a message?","Bạn có chắc muốn hủy tin nhắn này?"
"Are you sure you want to cancel selected records?","Bạn có chắc muốn hủy các mục đã chọn?"
"Are you sure you want to delete a message?","Bạn có chắc muốn xóa tin nhắn?"
"Are you sure you want to delete selected records?","Bạn có chắc muốn hủy các mục đã chọn?"
"Are you sure you want to delete this theme? This change will affect all applications.","Bạn có chắc muốn xóa chủ đề này? Thay đổi này sẽ ảnh hưởng tới tất cả các ứng dụng."
"Are you sure you want to do this?","Bạn có chắc muốn thực hiện không?"
"Are you sure you want to remove this item?","Bạn chắc chắn muốn xóa sản phẩm này chứ?"
"As Low As","Thấp như"
"As Low Excl. Tax","Thấp như giá không gồm thuế"
"As Low Incl. Tax","Thấp như giá đã gồm thuế"
"As a Magento customer, Urban Airship is offering you unlimited Push Notifications and Rich Push for $100/year* along with a 60 day free trial.,""Là một khách hàng Magento, bạn sẽ được Urban Airship hỗ trợ Push Notifications và Rich Push với $100/năm* và 60 ngày thử nghiệm miễn phí."""
"As Low As","Thấp như"
"As Low Excl. Tax","Thấp như giá không gồm thuế"
"As Low Incl. Tax","Thấp như giá đã gồm thuế"
"At last one application has to be created.","Một ứng dụng mới nhất đã được tạo."
"At least one option should be selected","Nên chọn ít nhất một tùy chọn"
"At last one application has to be created.","Một ứng dụng mới nhất đã được tạo."
"Authentication to %@ did failed...","Xác thực %@ thất bại..."
"Average Order Amount","Số lượng đơn đặt hàng trung bình"
"Average Orders","Đơn hàng trung bình"
"Average Rating","Xếp hạng trung bình"
"Back","Trở về"
"Back to App Edit","Trở về chỉnh sửa ứng dụng"
"Background Color","Màu nền"
"Balance","Số dư"
"Balance Change","Thay đổi số dư"
"Balance History","Lịch sử số dư"
"Banner on Home Screen","Banner trên trang chủ"
"Banner on Home Screen (landscape mode)","Banner trên trang chủ (chế độ ngang)"
"Banner on Home Screen (landscape mode) image missing.","Thiếu ảnh banner trên trang chủ (chế độ ngang)."
"Banner on Home Screen (portrait mode)","Banner trên trang chủ (chế độ dọc)"
"Banner on Home Screen (portrait mode) image missing.","Thiếu ảnh banner trên trang chủ (chế độ dọc)."
"Banner on Home Screen image missing.","Thiếu ảnh banner trên trang chủ."
"Banners on Home Screen","Banner trên trang chủ"
"Best Sellers","Bán chạy nhất"
"Billing","Hóa đơn"
"Billing Address","Địa chỉ thanh toán"
"Billing address","Địa chỉ thanh toán"
"Billing address has been set.","Địa chỉ thanh toán đã được thiết lập."
"Bundle Products","Sản phẩm theo gói"
"Buy %1$s for %2$s","Mua %1$s cho %2$s"
"Buy %1$s for %2$s (%3$s incl. tax) each","Mua %1$s cho mỗi %2$s (%3$s bao gồm thuế)"
"Buy %1$s for %2$s each","Mua %1$s cho mỗi %2$s"
"Buy %1$s with %2$s discount each","Mua %1$s giảm giá cho mỗi %2$s"
"Buy More & Save","Mua nhiều hơn và tiết kiệm hơn"
"Buyer country is not allowed by store.","Quốc gia của người mua hàng không được phép ở cửa hàng này."
"CMS Page","Trang CMS"
"CMS Pages haven\'t been found.","Không tìm thấy trang CMS."
"Cache Lifetime (seconds)","Toàn bộ thời gian bộ nhớ đệm (giây)"
"Cache Management","Quản lý bộ nhớ đệm"
"Can\'t add item to shopping cart.","Không thể thêm sản phẩm vào giỏ."
"Can\'t apply the coupon code.","Không thể dùng mã khuyến mãi này."
"Can\'t copy file ""%s"" to ""%s"".","Không thể sao chép tập tin ""%s"" vào ""%s""."
"Can\'t create wishlist.","Không thể tạo danh sách thích."
"Can\'t delete ""%s"" theme.","Không thể xóa chủ đề ""%s""."
"Can\'t load XML.","Không thể tải XML."
"Can\'t load admin application settings.","Không thể tải cài đặt ứng dụng quản trị."
"Can\'t load application with id ""%s""","Không thể tải ứng dụng với ID ""%s"""
"Can\'t load cart info.","Không thể tải thông tin giỏ hàng."
"Can\'t load cart.","Không thể tải giỏ hàng."
"Can\'t load customer form.","Không thể tải đơn đăng ký của Khách hàng."
"Can\'t load default themes.","Không thể tải chủ đề mặc định."
"Can\'t load selected theme. Please check your media folder permissions.","Không thể tải chủ đề đã chọn. Vui lòng kiểm tra sự cấp phép của thư mục media."
"Can\'t load template with id ""%s""","Không thể tải mẫu với id ""%s"""
"Can\'t open submission form.","Không thể mở đơn đăng ký."
"Can\'t read file ""%s"".","Không thể đọc tập tin ""%s""."
"Can\'t remove the item.","Không thể xóa sản phẩm."
"Can\'t reset theme.","Không thể cài lại theme."
"Can\'t save address.","Không thể lưu địa chỉ."
"Can\'t save the customer.","Không thể lưu khách hàng."
"Can\'t save theme.","Không thể lưu theme."
"Can\'t show configuration.","Không thể hiển thị cấu hình."
"Can\'t specify product.","Không thể xác định sản phẩm."
"Can\'t submit application.","Không thể nộp đơn đăng ký."
"Can\'t update cart.","Không thể cập nhật giỏ hàng."
"Can\'t write to file ""%s"".","Không thể ghi vào tập tin ""%s""."
"Cancel","Hủy"
"Canceled","Đã hủy"
"Canceling PayPal ...","Đang hủy PayPal ..."
"Cancelled","Đã hủy"
"Cannot apply gift card.","Không thể sử dụng Gift Card."
"Cannot configure product.","Không thể cấu hình sản phẩm."
"Cannot load theme ""%s"".","Không thể tải theme ""%s""."
"Cannot redeem Gift Card.","Không thể chuyển đổi Gift Card."
"Cannot remove gift card.","Không thể xóa gift card."
"Cannot save theme ""%s"". Incorrect data received","Không thể lưu theme ""%s"". Đã nhận dữ liệu không đúng"
"Cannot update the item.","Không thể cập nhật sản phẩm."
"Card Verification Number","Số xác nhận thẻ"
"Card verification number is wrong","Số xác nhận thẻ sai"
"Carrier","Nhà cung cấp"
"Cart","Giỏ hàng"
"Cart Updated","Giỏ hàng đã được cập nhật"
"Cart has been updated.","Giỏ hàng đã được cập nhật."
"Cart has some errors.","Giỏ hàng có một vài lỗi."
"Cart is empty.","Giỏ hàng trống."
"Catalog Only App?","Catalog Only App?"
"Category","Loại mặt hàng"
"Category Button Color","Màu của nút loại mặt hàng"
"Category Item Background Color","Màu nền của loại mặt hàng"
"Cc:","Cc:"
"Chairs","Ghế"
"Change Orientation","Hướng dẫn thay đổi"
"Change Password","Thay đổi mật khẩu"
"Changes have been saved to theme.","Thay đổi đã được lưu vào theme."
"Check","Kiểm tra"
"Check Gift Card","Kiểm tra Gift Card"
"Check Gift Card Promo Redeemed","Kiểm tra Gift Card đã được chuyển đổi"
"Checking Gift Card %@","Đang kiểm tra Gift Card %@"
"Checkout","Thanh toán"
"Checkout Page Registration","Đăng ký trang thanh toán"
"Checkout as Guest","Thanh toán ở chế độ Khách"
"Checkout as Guest or Register","Thanh toán ở chế độ Khách hoặc Đăng ký"
"Checkout has been initialized.","Thanh toán đã được khởi tạo."
"Checkout initialization...","Khởi tạo thanh toán..."
"Checkout initialized!","Thanh toán đã được khởi tạo!"
"Choose Store View","Chọn Cửa hàng"
"Choose amount","Chọn số lượng"
"Choose file","Chọn tệp"
"City","Quận/Huyện"
"Clear","Xóa"
"Close","Đóng"
"Color Themes","Màu Theme"
"Colors","Màu sắc"
"Commiting updates...","Đang cập nhật..."
"Company","Công ty"
"Completed","Đã hoàn thành"
"Configuration data have been saved","Dữ liệu cấu hình đã được lưu"
"Configure Cart Item","Cấu hình sản phẩm trong giỏ"
"Confirm New Password","Xác nhận mật khẩu mới"
"Confirm Password","Xác nhận mật khẩu"
"Connecting","Đang kết nối"
"Connection Error\nWe\'re sorry. The app is experiencing connection problems. The app requires a network connection to operate.","Lỗi kết nối. Chúng tôi rất xin lỗi. Ứng dụng đang gặp vấn đề kết nối. Cần kết nối lại để thực hiện."
"Contact Email","Email liên hệ"
"Contact Information","Thông tin liên hệ"
"ContactsAreEmpty","Thông tin liên hệ trống"
"Container is not defined.","Thùng hàng không được xác nhận."
"Content","Nội dung"
"Continue","Tiếp tục"
"Copyright","Bản quyền"
"Copyright Page Logo","Logo trang bản quyền"
"Copyright Page Logo (iPhone 4 retina)","Logo trang bản quyền (iPhone 4 retina)"
"Copyright: Magento (c) 2010","Bản quyền: Magento (c) 2010"
"Countries","Quốc gia"
"Countries Payment Applicable From","Các quốc gia thanh toán được áp dụng từ"
"Country","Quốc gia"
"Country options don\'t recognized for ""%s"".","Không chấp nhận tùy chọn quốc gia ""%s""."
"Coupon code %s is not valid.","Mã khuyến mãi %s không đúng."
"Coupon code %s was applied.","Mã khuyến mãi %s được áp dụng."
"Coupon code is empty.","Mã khuyến mãi trống."
"Coupon code was canceled.","Mã khuyến mãi đã bị hủy."
"Create Account","Tạo tài khoản"
"Create an Account","Tạo tài khoản"
"Creating a Template is allowed only for applications which have device type iPhone.","Chỉ được phép tạo một mẫu ứng dụng cho các loại thiết bị iPhone."
"Credit Card","Thẻ tín dụng"
"Credit Card %s","Thẻ tín dụng %s"
"Credit Card Number","Số thẻ tín dụng"
"Credit Card Type","Loại thẻ tín dụng"
"Credit card number does not match credit card type.","Số thẻ tín dụng không khớp với loại thẻ tín dụng."
"Cross Sells","Bán chéo sản phẩm"
"Current Balance: %s","Số dư hiện tại: %s"
"Current Password","Mật khẩu hiện tại"
"Currently, the system does not support the viewing of the order detail.","Hiện tại hệ thống không hỗ trợ xem chi tiết đơn hàng."
"Custom App Icon","Tùy chỉnh icon của ứng dụng"
"Custom App Icon (iPhone 4 retina)","Tùy chỉnh icon của ứng dụng (iPhone 4 retina)"
"Custom Colors","Tùy chỉnh màu sắc"
"Custom amount","Tùy chỉnh số lượng"
"Customer","Khách hàng"
"Customer Name","Tên khách hàng"
"Customer authentication problem.","Vấn đề xác thực khách hàng."
"Customer balance available in enterprise version of Magento only.","Số dư của khách hàng chỉ tồn tại trong phiên bản cho doanh nghiệp."
"Customer balance is disabled for current store","Số dư của khách hàng bị vô hiệu hóa ở cửa hàng hiện tại"
"Customer email not specified.","Email khách hàng không rõ ràng."
"Customer logout problem.","Vấn đề đăng xuất của khách hàng."
"Customer not logged in.","Khách hàng chưa đăng nhập."
"Customers","Khách hàng"
"DD","DD"
"Date","Ngày"
"Date Created","Ngày tạo"
"Date Submitted","Ngày đăng ký"
"Date Updated","Ngày cập nhật"
"Date:","Ngày:"
"Day","Ngày"
"Deeper Messaging and Engagement with Rich Push.","Deeper Messaging and Engagement with Rich Push."
"Default Billing Address","Địa chỉ thanh toán mặc định"
"Default Shipping Address","Địa chỉ thanh toán mặc định"
"Default Theme","Theme mặc định"
"Default themes are missed.","Thiếu theme mặc định."
"Delete","Xóa"
"Delete Action","Xóa hoạt động"
"Delete theme","Xóa theme"
"Deleted","Đã xóa"
"Description","Mô tả"
"Description that appears in Android Market. %s chars maximum. ","Hiện mô tả trong shop Android. Tối đa %s ký tự. "
"Description that appears in the iTunes App Store. %s chars maximum. ",""Hiện mô tả trong cửa hàng ứng dụng iTunes. Tối đa %s ký tự. "
"Deselect All","Bỏ chọn tất cả"
"Design","Thiết kế"
"Device","Thiết bị"
"Device Information","Thông tin thiết bị"
"Device Type","Loại thiết bị"
"Device doesn\'t recognized","Không nhận ra thiết bị"
"Device doesn\'t recognized. Unable to load a template.","Không nhận ra thiết bị. Không thể tải mẫu."
"Device doesn\'t recognized: ""%s"". Unable to load a helper.","Không nhận ra thiết bị: ""%s"". Không thể tải sự trợ giúp."
"Device doesn\'t recognized: ""%s"". Unable to load preview model.","Không nhận ra thiết bị: ""%s"". Không thể tải mô hình xem trước."
"Device type doesn\'t recognized.","Không nhận ra loại thiết bị."
"Discount code is empty","Không có mã giảm giá"
"Discount:","Giảm giá:"
"Done","Hoàn thành"
"Downloadable Products Updated","Sản phẩm có thể tải về đã được cập nhật"
"Downloads limit:","Giới hạn tải về:"
"E-mail","E-mail"
"Edit","Chỉnh sửa"
"Edit Action","Chỉnh sửa hoạt động"
"Edit Address","Chỉnh sửa địa chỉ"
"Edit AirMail Message","Chỉnh sửa tin nhắn AirMail"
"Edit AirMail Message Queue #%s","Chỉnh sửa tin nhắn AirMail đang đợi #%s"
"Edit App ""%s""","Chỉnh sửa ứng dụng ""%s"""
"Edit Filter","Chỉnh sửa bộ lọc"
"Edit Image","Chỉnh sửa ảnh"
"Edit Mail List","Chỉnh sửa danh sách mail"
"Edit Template ""%s""","Chỉnh sửa mẫu ""%s"""
"Edit filter","Chỉnh sửa bộ lọc"
"Edit note","Chỉnh sửa ghi chú"
"Either remote URL or application code was not set. Please make sure you filled all the values and try again.","Hoặc URL từ xa hoặc mã ứng dụng không được thiết lập. Hãy chắc chắn rằng bạn điền tất cả các giá trị và thử lại."
"Element with id %s already exists","Phần tử với %s đã tồn tại"""
"Email","Email"
"Email Address","Địa chỉ Email"
"Email address you provided is not valid. Please provide a valid one.","Địa chỉ email bạn cung cấp không tồn tại. Hãy điền một email đúng."
"Email is not correct","Email không chính xác"
"Email is not specified","Email không xác định"
"Enable Admin Application","Kích hoạt ứng dụng quản trị"
"Enable AirMail Message Push notification","Kích hoạt tin nhắn Push notification AirMail"
"Enable Facebook","Kích hoạt Facebook"
"Enable Flurry Analytics","Kích hoạt Flurry Analytics"
"Enable Flurry Analytics for the merchant.","Kích hoạt Flurry Analytics cho người bán hàng."
"Enable LinkedIn","Kích hoạt LinkedIn"
"Enable Standard Checkout","Kích hoạt Standard Checkout"
"Enable Twitter","Kích hoạt Twitter"
"Enter Name","Điền Tên"
"Enter discount code first.","Điền mã giảm giá trước."
"Enter discount code if any","Điền mã giảm giá nếu có"
"Enter e-mail","Điền e-mail"
"Enter giftcard promo code here","Điền mã giftcard ở đây"
"Enter text","Điền văn bản"
"Enter the gift card code","Điền mã gift card"
"Error","Lỗi"
"Error Loading Configuration Format","Lỗi tải định dạng cấu hình"
"Error during shortening url","Lỗi khi rút gọn url"
"Error message text is missed.","Lỗi thiếu tin nhắn văn bản."
"Error while processing file ""%s"".","Lỗi khi xử lý tập tin ""%s""."
"Error while reading data from Payment Bridge. Please, try again.","Lỗi khi đọc dữ liệu từ Payment Bridge. Vui lòng thử lại"
"Error while reading remote data","Lỗi khi đọc dữ liệu từ xa"
"Error while uploading file ""%s"".","Lỗi khi tải tập tin lên ""%s""."
"Error while uploading file ""%s"". Disallowed file type. Only ""jpg"", ""jpeg"", ""gif"", ""png"" are allowed.","Lỗi khi tải tập tin lên ""%s"". Định dang tập tin không cho phép. Chỉ hỗ trợ ""jpg"", ""jpeg"", ""gif"", ""png""."
"Excl. Tax","Không bao gồm thuế"
"Expiration Date - Month","Ngày hết hạn - Tháng"
"Expiration Date - Year","Ngày hết hạn - Năm"
"Expires: %s","Hết hạn: %s"
"Extend the life of your app with Urban Airship Push Notifications.","Kéo dài tuổi thọ ứng dụng của bạn với Push Notifications của Urban Airship."
"Extensions","Phần mở rộng"
"FILTERS APPLIED","ÁP DỤNG LỌC"
"Facebook","Facebook"
"Facebook API","Facebook API"
"Facebook Application ID","Facebook Application ID"
"Facebook post failed...","Bài đăng Facebook thất bại..."
"Fax","Fax"
"File can\'t be uploaded.","Tập tin không thể tải lên."
"File doesn\'t exist ""%s"".","Tập tin không tồn tại ""%s""."
"Filter","Lọc"
"Filters","Lọc"
"First Name","Tên"
"Fixed amounts","Số lượng cố định"
"Flurry API Code","Flurry API Code"
"Flurry Analytics","Flurry Analytics"
"Flurry Analytics Site","Trang Flurry Analytics"
"Fonts","Fonts"
"Forgot Password","Quên mật khẩu"
"Forgot Password?","Quên mật khẩu?"
"Forgot your password?","Quên mật khẩu của bạn?"
"Form","Đơn"
"Free","Miễn phí"
"From","Từ"
"From Excl. Tax","Từ không bao gồm thuế"
"From Incl. Tax","Từ bao gồm thuế"
"From excl. tax","Từ không bao gồm thuế"
"From incl. tax","Từ bao gồm thuế"
"Full Description","Mô tả đầy đủ"
"Funk Leaf","Funk Leaf"
"Gallery","Triển lãm"
"General","Chung"
"Generate Offline Catalog","Tạo danh mục hàng ngoại tuyến"
"Get Content from CMS Page","Lấy nội dung từ trang CMS"
"Gift Card ""%s"" was added.","Gift Card ""%s"" đã được thêm vào."
"Gift Card ""%s"" was redeemed.","Gift Card ""%s"" đã được chuyển đổi."
"Gift Card ""%s"" was removed.","Gift Card ""%s"" đã bị xóa."
"Gift Card (%s)","Gift Card (%s)"
"Gift Card amount applied to order: %s","Số lượng Gift Card áp dụng cho đơn hàng: %s"
"Gift Card code is empty.","Mã Gift Card trống."
"Gift Card: %s","Gift Card: %s"
"Gift card account available in enterprise version of Magento only.","Tài khoản Gift Card chỉ tồn tại trong phiên bản doanh nghiệp Magento."""
"Giftcard promo code","Mã giảm giá Giftcard"
"Grand Total","Tổng cuối"
"Grand Total (Excl. Tax)","Tổng cuối (Không có thuế)"
"Grand Total (Incl. Tax)","Tổng cuối (Có thuế)"
"Guest","Khách"
"Header Background Color","Màu nền tiêu đề"
"Header Font Color","Màu phông chữ tiêu đề"
"High Resolution Application Icon","Icon ứng dụng độ phân giải cao"
"Home","Trang chủ"
"Hot Red","Hot Red"
"How do you rate this product?","Bạn đánh giá sản phẩm này như thế nào?"
"How to incorporate Urban Airship within your application:","Làm thế nào để kết hợp Urban Airship trong ứng dụng của bạn:"
"I Agree","Tôi đồng ý"
"I agree to the Terms and Conditions","Tôi đồng ý với các Điều Khoản và Điều Kiện này"
"ID","ID"
"Icon that will appear on the user\'s device after they download your app. Recommended size: 48px x 48px.","Biểu tượng sẽ hiển thị trên thiết bị của người dùng sau khi tải ứng dụng về. Kích thước đề nghị: 48px x 48px."""
"Icon that will appear on the user\'s device after they download your app. You do not need to apply a gradient or soft edges (this is done automatically by Apple). Recommended size: 72px x 72px.","Biểu tượng sẽ hiển thị trên thiết bị của người dùng sau khi tải ứng dụng về. Bạn không cần phải áp dụng dốc hoặc rìa mềm (được thực hiện tự động bởi Apple). Kích thước đề nghị: 72px x 72px."
"Icon that will appear on the user\'s phone after they download your app. You do not need to apply a gradient or soft edges (this is done automatically by Apple). Recommended size: 114px x 114px.","Biểu tượng sẽ hiển thị trên thiết bị của người dùng sau khi tải ứng dụng về. Bạn không cần phải áp dụng dốc hoặc rìa mềm (được thực hiện tự động bởi Apple). Kích thước đề nghị: 114px x 114px."
"Icon that will appear on the user’s phone after they download your app.  You do not need to apply a gradient or soft edges (this is done automatically by Apple).  Recommended size: 57px x 57px at 72 dpi.","Biểu tượng sẽ hiển thị trên thiết bị của người dùng sau khi tải ứng dụng về.  Bạn không cần phải áp dụng dốc hoặc rìa mềm (được thực hiện tự động bởi Apple).  Kích thước đề nghị: 57px x 57px at 72 dpi."
"Icons","Biểu tượng"
"If leave this field empty, the message will be sent immediately","Nếu mục này sản phẩm trống, các thông báo sẽ được gửi ngay lập tức"
"If you want to disable the cache on the application side, leave the field empty. Warning! When disabling cache, the application will take time to load each page.","Nếu bạn muốn vô hiệu hóa bộ nhớ đệm trên ứng dụng, hãy thoát mục không có sản phẩm. Cảnh báo! Khi vô hiệu hóa bộ nhớ đệm, các ứng dụng sẽ mất thời gian để tải từng trang."
"Image %s is required.","Hình ảnh %s là bắt buộc."
"Image action has been saved.","Hoạt động của hình ảnh đã được lưu."
"Image does not exist. Please reload this page.","Hình ảnh không tồn tại. Vui lòng tải lại trang."
"Image file was not found.","Không tìm thấy tập tin hình ảnh."
"Image has been deleted.","Hình ảnh đã bị xóa."
"Image id is required.","ID hình ảnh là bắt buộc."
"Image limits don\'t recognized for ""%s"" image type","Giới hạn hình ảnh không nhận diện được cho loại hình ảnh ""%s"""
"Image that appears on first screen while your app is loading.","Hình ảnh mà sẽ xuất hiện trên màn hình đầu tiên khi ứng dụng của bạn đang được tải lên."
"Image type doesn\'t recognized: ""%s"".","Không nhận ra loại hình ảnh này: ""%s""."
"Image type is required.","Loại hình ảnh là bắt buộc."
"Images","Hình ảnh"
"Images order has been updated.","Thứ tự hình ảnh đã được cập nhật."
"In Queue","Đang chờ"
"In Stock","Sản phẩm trong kho"
"In addition, click here to review Urban Airship\'s Terms of Service: <a href=""%s"" target=""_blank"">click here</a>.","Ngoài ra, hãy nhấp vào đây để xem xét Urban Airship. Điều khoản Dịch vụ: <a href=""""%s"""" target=""""_blank"""">nhấp vào đây</a>."
"In order to resubmit your app, you need to first purchase a <a href=""%s"" target=""_blank"">%s</a> from MagentoCommerce","Để gửi lại ứng dụng, đầu tiên bạn cần phải mua một <a href=""""%s"""" target=""""_blank"""">%s</a> từ MagentoCommerce"
"In order to submit your app, you need to first purchase a <a href=""%s"" target=""_blank"">%s</a> from MagentoCommerce","Để đăng ký ứng dụng, đầu tiên bạn cần phải mua một <a href=""""%s"""" target=""""_blank"""">%s</a> từ MagentoCommerce"
"Inactive Tabs","Các thẻ không hoạt động"
"Incl. Tax","Bao gồm thuế"
"Incl. tax","Bao gồm thuế"
"Initialization PayPal ...","Khởi tạo PayPal ..."
"Initialization of the PayPal checkout failed!","Việc khởi tạo thanh toán PayPal thất bại!"
"Invalid XML.","XML không đúng."
"Invalid current password.","Mật khẩu hiện tại không đúng."
"Invalid customer data.","Dữ liệu khách hàng không đúng."
"Invalid data.","Dữ liệu không đúng."
"Invalid email address.","Địa chỉ email không đúng."
"Invalid item or wishlist.","Sản phẩm hoặc danh sách thích không đúng."
"Invalid login or password.","Đăng nhập hoặc mật khẩu không đúng."
"Invalid shipping method.","Phương pháp vận chuyển không đúng."
"Issue Number","Số phát hành"
"It\'s not allowed to delete submitted application.","Không được phép xóa trình ứng dụng."
"Item","Sản phẩm"
"Item Options","Tùy chọn sản phẩm"
"Item has been added to cart.","Sản phẩm đã được chọn mua."
"Item has been deleted from cart.","Sản phẩm đã bị xóa khỏi giỏ hàng."
"Item has been removed from wishlist.","Sản phẩm đã bị xóa khỏi danh sách thích."
"Items","Sản phẩm"
"Items were updated. But can\'t update wishlist.","Sản phẩm đã được cập nhật. Nhưng không thể cập nhật danh sách yêu thích."
"Keep your image size below %s KB for optimal performance.","Đảm bảo kích thước ảnh của bạn dưới %s KB để hiển thị tốt nhất."
"Key","Khóa"
"Keywords","Từ khóa"
"Label","Nhãn hiệu"
"Landscape app Background","Hình nền ứng dụng ngang"
"Landscape banners on Home Screen","Ảnh banner ngang trên màn hình trang chủ"
"Large iTunes Icon","Biểu tượng lớn trên iTunes"
"Large icon that appears in the iTunes App Store. You do not need to apply a gradient or soft edges (this is done automatically by Apple). Required size: 512px x 512px.","Hiển thị biểu tượng lớn trên cửa hàng ứng dụng iTunes. Bạn không cần phải áp dụng dốc hoặc rìa mềm (được thực hiện tự động bởi Apple). Kích thước đề nghị: 512px x 512px."
"Last 5 Orders","5 đơn hàng gần nhất"
"Last 5 Search Terms","5 cụm từ tìm kiếm gần nhất"
"Last Name","Họ"
"Last update: %@","Cập nhật gần nhất: %@"
"Lifetime Sales","Toàn bộ doanh thu"
"LindedIn","LindedIn"
"Link:","Liên kết:"
"LinkedIn","LinkedIn"
"LinkedIn API","LinkedIn API"
"LinkedIn API Key","LinkedIn API Key"
"LinkedIn Authorization","LinkedIn Authorization"
"LinkedIn Autorization","LinkedIn Autorization"
"LinkedIn Secret Key","LinkedIn Secret Key"
"Linkedin post failed...","Bài đăng trên Linkedin thất bại..."
"List of downloadable products is empty","Danh sách sản phẩm có thể tải về trống"
"Load more items","Tải nhiều sản phẩm hơn"
"Loader Splash Screen","Tải màn hình"""
"Loader Splash Screen(iPhone 4 retina)","Tải màn hình(iPhone 4 retina)"
"Loader Splash Screen(landscape mode)","Tải màn hình(chế độ ngang)"
"Loader Splash Screen(portrait mode)","Tải màn hình(chế độ dọc)"
"Loading %@...","Đang tải %@..."
"Loading Account Form...","Đang tải đơn đăng ký tài khoản..."
"Loading Address Book...","Đang tải danh bạ..."
"Loading Address Form...","Đang tải đơn ghi địa chỉ..."
"Loading CMS page ...","Đang tải trang CMS..."
"Loading Cart...","Đang tải giỏ hàng..."
"Loading Gallery...","Đang tải danh sách ảnh..."
"Loading Login Form...","Đang tải đơn đăng nhập.."
"Loading My Downloadable Products...","Đang tải mục Sản phẩm có thể tải về của tôi..."
"Loading Order Details","Đang tải chi tiết đơn hàng"
"Loading Orders List...","Đang tải danh sách đơn hàng..."
"Loading Preview...","Đang tải chế độ xem trước..."
"Loading Product Options...","Đang tải tùy chọn sản phẩm..."
"Loading Products...","Đang tải sản phẩm..."
"Loading Registration Form...","Đang tải đơn đăng ký..."
"Loading Restore Password Form...","Đang tải đơn lấy lại mật khẩu..."
"Loading Store Credit...","Đang tải Store Credit..."
"Loading WishList...","Đang tải danh sách yêu thích..."
"Loading Write Review Form...","Đang tải đơn viết đánh giá..."
"Loading category ...","Đang tải loại mặt hàng..."
"Loading more items...","Đang tải sản phẩm..."
"Loading product ...","Đang tải sản phẩm ..."
"Loading shipping methods ...","Đang tải phương pháp giao hàng ..."
"Loading...","Đang tải..."
"Locations","Vị trí"
"Log In","Đăng nhập"
"Log Out","Đăng xuất"
"Log in to Admin Panel","Đăng nhập vào mục quản trị"
"Log into Account","Đăng nhập tài khoản"
"Log into your account","Đăng nhập tài khoản của bạn"
"Log out Account","Đăng xuất tài khoản"
"LogInMessageTitle","Tiêu đề tin nhắn đăng nhập"
"Login and password are required.","Yêu cầu đăng nhập và mật khẩu."
"Logo in Header","Logo của thanh tiêu đề"
"Logo in Header image missing.","Thiếu logo trên thanh tiêu đề."
"Logout complete.","Đăng xuất thành công."
"MEP is PayPal\'s native checkout experience for the iPhone. You can choose to use MEP alongside standard checkout, or use it as your only checkout method for Magento mobile. PayPal MEP requires a <a href=""%s"">PayPal business account</a>","MEP là công cụ kiểm tra nguồn gốc PayPal cho iPhone. Bạn có thể chọn sử dụng MEP cùng với thanh toán theo tiêu chuẩn, hoặc sử dụng nó như là phương pháp thanh toán duy nhất cho Magento Mobile. PayPal MEP yêu cầu một <a href=""""%s"""">PayPal tài khoản kinh doanh </a>"
"MM","MM"
"Mailbox title","Tiêu đề hộp mail"
"Main Tabs","Thẻ chính"
"Make Inactive","Ngưng hoạt động"
"Make this app available in the following territories","Cho ứng dụng này có sẵn trong các khu vực"
"Manage Apps","Quản lý ứng dụng"
"Manage Mobile App","Quản lý ứng dụng Mobile"
"Maximum length is 140","Chiều dài tối đa là 140"
"Maximum length is 255","Chiều dài tối đa là 255"
"Maximum size: %s KB.","Kích thước tối đa: %s KB."
"Maximum: %.2f","Tối đa: %.2f"
"Merchant Label","Thương hiệu"
"Merge","Gộp"
"Message","Tin nhắn"
"Message Queue","Đợi tin nhắn"
"Message Settings","Thiết lập tin nhắn"
"Message Templates","Mẫu tin nhắn"
"Message Title","Tiêu đề tin nhắn"
"Message Type","Loại tin nhắn"
"Message can be edited when status of the message is ""In Queue"" only.","Tin nhắn chỉ có thể chỉnh sửa khi trạng thái của tin nhắn là ""Đang đợi"""
"Message content","Nội dung tin nhắn"
"Message text is missed.","Thiếu nội dung tin nhắn."
"Message title","Tiêu đề tin nhắn"
"Message too long, please use 140 symbols","Tin nhắn quá dài. Vui lòng sử dụng 140 kí tự"
"Message type doesn\'t recognized","Không nhận diện loại tin nhắn"
"Minimize","Tối thiểu"
"Minimum %@, maximum %@","Tối thiểu %@, Tối đa %@"
"Minimum: %.2f","Tối thiểu: %.2f"
"Mobile","Điện thoại"
"Mobile Express Checkout has been canceled.","Thanh toán nhanh bằng điện thoại đã bị hủy."
"Mobile Express Checkout processed successfully.","Thanh toán nhanh bằng điện thoại đã xử lý thành công."
"Month","Tháng"
"More","Thêm"
"More Info","Nhiều thông tin hơn"
"More Tabs","Nhiều thẻ hơn"
"Most Viewed Products","Sản phẩm được xem nhiều nhất"
"My Account","Tài khoản của tôi"
"My Downloadable Products","Sản phẩm có thể tải về của tôi"
"My Orders","Đơn hàng của tôi"
"My Wishlist","Danh sách thích của tôi"
"Name","Tên"
"Name on Card","Tên chủ thẻ"
"Name that appears beneath your app when users install it to their device. We recommend choosing a name that is 10-12 characters and that your customers will recognize. %s chars max.","Khi người dùng cài đặt ứng dụng vào thiết bị của họ, tên sẽ xuất hiện bên dưới ứng dụng. Chúng tôi khuyên bạn nên chọn một cái tên có độ dài từ 10-12 ký tự để khách hàng có thể nhận ra. Số ký tự tối đa là %s."
"New AirMail Message","Tin nhắn AirMail mới"
"New AirMail Message Queue","Đợi tin nhắn mới"
"New App","Ứng dụng mới"
"New Customers","Khách hàng mới"
"New Password","Mật khẩu mới"
"New Template","Mẫu mới"
"New to Our Store?","Mới ghé thăm cửa hàng của chúng tôi?"
"Nickname","Tên thân mật"
"No","Không"
"No Payment Information Required","Thông tin thanh toán không bắt buộc"
"No Ratings","Không có xếp hạng"
"No internet connection. Retry later ...","Không có kết nối Internet. Vui lòng thử lại ..."
"No items were specifed to update.","Không có sản phẩm nào được chọn để cập nhật"
"No items were updated.","Không sản phẩm nào được cập nhật."
"No product selected.","Không sản phẩm nào được chọn."
"No products found. Please retry with other term","Không tìm thấy sản phẩm. Vui lòng thử lại với cụm từ khác."
"No shipping method required.","Phương pháp giao hàng không bắt buộc."
"No such file ""%s"".","Không có tập tin """"%s""""."
"Not Submitted","Chưa gửi"
"Note: Image size affects the performance of your app.","Chú ý: Kích thước ảnh sẽ ảnh hưởng tới hoạt động ứng dụng của bạn."
"Notice","Chú ý"
"Number of Orders","Số đơn hàng"
"Number of Uses","Số người dùng"
"OK","OK"
"OR, Pay with Standard Checkout","Hoặc, thanh toán với Standard Checkout"
"Offline Catalog","Danh mục hàng ngoại tuyến"
"Offline cart stored on server","Giỏ hàng ngoại tuyến đã được lưu vào hệ thống"
"Offline catalog export complete.","Xuất danh mục ngoại tuyến thành công."
"Offline catalog export failed.","Xuất danh mục ngoại tuyến thất bại."
"One or more keywords that describe your app. Keywords are matched to users\' searches in the App Store and help return accurate search results. Separate multiple keywords with commas. 100 chars is maximum.,""Một hoặc nhiều từ khoá mô tả ứng dụng của bạn. Các từ khóa phù hợp với người dùng tìm kiếm trong cửa hàng ứng dụng và giúp trả lại kết quả tìm kiếm chính xác. Nhiều từ khóa tách biệt với dấu phẩy. Tối đa là 100 ký tự."""
"Onepage checkout is disabled.","Trang thanh toán bị vô hiệu hóa."
"Only custom theme can be deleted","Tùy chủ đề mà bạn có thể xóa"
"Only default theme can be reset","Chỉ có chủ đề mặc định mới có thể được thiết lập lại"
"Only free apps are allowed in this version.","Chỉ có các ứng dụng miễn phí được phép trong phiên bản này."
"Only registered users can write reviews. Please, log in or register.","Chỉ có người dùng đã đăng ký mới có thể viết đánh giá. Vui lòng đăng nhập hoặc đăng ký tài khoản."
"Open","Mở"
"Options","Tùy chọn"
"Options menu items","Tùy chọn sản phẩm trên menu"
"Order","Đơn hàng"
"Order #","Đơn hàng #"
"Order #%s - %s","Đơn hàng #%s - %s"
"Order Date: %s","Ngày đặt hàng: %s"
"Order Details Updated","Chi tiết đơn hàng được cập nhật"
"Order ID","ID Đơn hàng"
"Order ID:","ID Đơn hàng:"
"Order Info","Thông tin đơn hàng"
"Order List Updated","Danh sách đơn hàng được cập nhật"
"Order Number","Số Đơn hàng"
"Order Review","Xem lại đơn hàng"
"Order canceled","Đơn hàng đã hủy"
"Order failed","Đơn hàng thất bại"
"Order id is not specified.","Đơn đặt hàng không được xác định."
"Order is not available.","Đơn đặt hàng không có sẵn."
"Ordered","Đã đặt hàng"
"Ordered Items","Sản phẩm đã đặt hàng"
"Orders","Đơn hàng"
"Other amount","Số lượng đơn hàng"
"Out of Stock","Hết hàng"
"Output format is not specified. Please, specify ""format"" key in constructor, or set it using setFormat().","Không quy định định dạng đầu ra. Vui lòng ghi rõ """"định dạng"""" hoặc thiết lập nó bằng cách sử dụng setFormat()."
"Overall Activity","Hoạt động tổng quan"
"POST data is not valid.","Dữ liệu ĐĂNG không đúng."
"Pages","Trang"
"Password","Mật khẩu"
"Password fields cannot be empty.","Mật khẩu không được để trống."
"Password is not specified","Mật khẩu không rõ ràng"
"Password:","Mật khẩu:"
"PayPal","PayPal"
"PayPal Checkout","PayPal Checkout"
"PayPal MECL is the mobile version of PayPal\'s Express Checkout service. You can choose to use MECL alongside standard checkout, or use it as your only checkout method for Magento Mobile.","PayPal MECL là phiên bản di động của dịch vụ thanh toán nhanh PayPal. Bạn có thể sử dụng MELC cùng với thanh toán theo tiêu chuẩn, hoặc chỉ sử dụng thanh toán cho Magento Mobile."
"PayPal MEP","PayPal MEP"
"PayPal Mobile Embedded Payment (MEP)","PayPal Mobile Embedded Payment (MEP)"
"PayPal Mobile Express Checkout","Thanh toán thông qua PayPal Mobile"
"PayPal Mobile Express Checkout Library (MECL)","PayPal Mobile Express Checkout Library (MECL)"
"PayPal Mobile Express Checkout Token does not exist.","Mã thông báo thanh toán qua PayPal Mobile không tồn tại."
"Payer Email: %s","Email người thanh toán: %s"
"Payment Applicable From","Biểu mẫu áp dụng thanh toán"
"Payment Bridge module unavailable.","Mô-đun thanh toán không có sẵn."
"Payment Information","Thông tin thanh toán"
"Payment Method","Phương pháp thanh toán"
"Payment Method has been set.","Phương pháp thanh toán đã được thiết lập."
"Payment Methods","Phương pháp thanh toán"
"Payment method","Phương pháp thanh toán"
"Payment method was successfully set.","Thiết lập phương pháp thanh toán thành công."
"Paypal MEP doesn\'t support checkout with any discount.","Thanh toán MEP không hỗ trợ chương trình giảm giá."
"Place Order","Đặt hàng"
"Placing order ...","Đang đặt hàng ..."
"Please <a href=""%s"" target=""_blank"">click here</a> to see how to setup and retrieve API credentials.","Vui lòng <a href=""""%s"""" target=""""_blank"""">nhấn đây</a> để xem làm thế nào để thiết lập và lấy chứng chỉ API."
"Please Select Application","Chọn ứng dụng"
"Please Select Device Type","Hãy chọn loại thiết bị"
"Please agree to all the terms and conditions before placing the order.","Hãy đồng ý với tất cả các điều khoản và điều kiện trước khi đặt đơn hàng."
"Please create and save an application first.","Đầu tiên xin hãy tạo và lưu ứng dụng."
"Please enter ""App Title"".","Vui lòng nhập ""Tiêu đề ứng dụng""."
"Please enter a valid URL. Protocol is required (http://, https:// or ftp://)","Hãy nhập một URL đúng. Giao pháp được yêu cầu (http://, https:// or ftp://)"
"Please enter a valid date.","Hãy nhập một ngày đúng."
"Please enter a valid email address. For example johndoe@domain.com.","Xin vui lòng nhập một địa chỉ email đúng. Ví dụ johndoe@domain.com."
"Please enter at least one email recipient","Vui lòng điền ít nhất 1 địa chỉ email người nhận"
"Please enter issue number or start date for switch/solo card type.","Vui lòng nhập số lượng phát hành hoặc ngày bắt đầu của loại thẻ chuyển đổi/một mình."
"Please enter the Activation Key.","Vui lòng nhập khóa kích hoạt."
"Please enter the Copyright.","Vui lòng nhập bản quyền."
"Please enter the Description.","Hãy mô tả."
"Please enter the Price.","Vui lòng nhập giá."
"Please enter the Resubmission Key.","Vui lòng nhập lại Key."
"Please enter the Title.","Nhập tiêu đề."
"Please make sure your passwords match.","Hãy chắc chắn rằng mật khẩu của bạn phù hợp."
"Please save application first.","Vui lòng lưu ứng dụng trước."
"Please select an option.","Hãy chọn một tùy chọn."
"Please select at least one country.","Hãy chọn ít nhất một quốc gia."
"Please select payment method to cover a quote","Vui lòng chọn một phương pháp thanh toán cho báo giá"
"Please set email","Vui lòng đặt email"
"Please specify payment method","Vui lòng ghi rõ phương pháp thanh toán"
"Please specify shipping method","Vui lòng ghi rõ phương pháp vận chuyển"
"Please upload  an image for ""App Background (landscape mode)"" field from Design Tab.","Vui lòng tải lên hình ảnh cho ""Nền ứng dụng (chế độ ngang)"" trong mục thiết kế."
"Please upload  an image for ""App Background (portrait mode)"" field from Design Tab.","Vui lòng tải lên hình ảnh cho ""Nền ứng dụng (chế độ dọc)"" trong mục thiết kế."
"Please upload  an image for ""App Background"" field from Design Tab.","Vui lòng tải lên hình ảnh cho ""Nền ứng dụng"" trong thẻ thiết kế."
"Please upload  an image for ""Banner on Home Screen (landscape mode)"" field from Design Tab.","Vui lòng tải lên hình ảnh cho ""Banner của màn hình trang chủ (chế độ ngang)"" trong thẻ thiết kế."
"Please upload  an image for ""Banner on Home Screen (portrait mode)"" field from Design Tab.","Vui lòng tải lên hình ảnh cho ""Banner của màn hình trang chủ (chế độ dọc)"" trong thẻ thiết kế."
"Please upload  an image for ""Banner on Home Screen"" field from Design Tab.","Vui lòng tải lên hình ảnh cho ""Banner của màn hình trang chủ"" trong thẻ thiết kế."
"Please upload  an image for ""Logo in Header"" field from Design Tab.","Vui lòng tải lên hình ảnh cho ""Logo tiêu đề"" trong thẻ thiết kế."
"Please use letters only (a-z or A-Z) in this field.","Chỉ sử dụng các từ (a-z or A-Z) trong mục này."
"Please use numbers only in this field. Please avoid spaces or other characters such as dots or commas.","Chỉ sử dụng số trong mục này. Không sử dụng khoảng trống hoặc các ký tự khác như dấu chấm hoặc dấu phẩy."
"Please use only letters (a-z or A-Z) or numbers (0-9) only in this field. No spaces or other characters are allowed.","Chỉ được sử dụng các từ (a-z or A-Z) hoặc số (0-9) trong mục này. Khoảng trắng hoặc các ký tự khác không được chấp nhận."
"Please wait...","Vui lòng đợi..."
"Please, specify gift card amount!","Vui lòng ghi rõ giá trị Gift Card!"
"Portrait app Background","Nền ứng dụng dọc"
"Portrait banners on Home Screen","Ảnh banner dọc trên màn hình trang chủ"
"Post data is empty.","Dữ liệu đăng bài trống."
"Post this product to your wall","Đăng sản phẩm này lên tường của bạn"
"Posting to e-mails","Đang đăng vào e-mails"
"Preferred size: %spx x %spx.","Kích thước ưu tiên: %spx x %spx."
"Preset Theme","Theme cài sẵn"
"Preview","Xem trước"
"Price","Giá"
"Price Font Color","Giá màu phông"
"Price excluding tax","Giá không có thuế"
"Price including tax","Giá bao gồm thuế"
"Primary Color","Màu chính"
"Primary Font Color","Màu phông chính"
"Problem changing or sending password.","Thay đổi hoặc gửi mật khẩu."
"Proceed to Checkout","Tiếp tục tới trang thanh toán"
"Product","Sản phẩm"
"Product Added to Cart","Sản phẩm đã được thêm vào giỏ"
"Product Added to Wishlist","Sản phẩm đã được thêm vào danh sách thích"
"Product Gallery Updated","Danh sách sản phẩm được cập nhật"
Product Name3 ","Tên sản phẩm3 "
"Product Name3 1","Tên sản phẩm3 1"
"Product Name3 2","Tên sản phẩm3 2"
"Product Options Updated","Tùy chọn sản phẩm được cập nhật"
"Product Removed From Wishlist","Đã xóa sản phẩm khỏi danh sách thích"
"Product Reviews Updated","Đánh giá sản phẩm được cập nhật"
"Product SKU","SKU sản phẩm"
"Product Updated","Sản phẩm được cập nhật"
"Product added","Sản phẩm đã được thêm"
"Product is out of stock","Đang hết hàng"
"Product is unavailable.","Sản phẩm không có sẵn"
"Product only available on the website.","Sản phẩm chỉ có sẵn trên website."
"Product succesfully added to cart","Sản phẩm được thêm vào giỏ thành công"
"Product was not specified.","Sản phẩm không rõ quy định."
"Product(s) currently out of stock.","Sản phẩm hiện đang hết hàng."
"Products","Sản phẩm"
"Pull Down To Update..","Kéo xuống để cập nhật.."
"Purchase Order Number","Số đơn đặt hàng"
"Push Notification","Push Notification"
"Push Notifications allow you to send messages directly to the people who have installed your app on their device. Send messages to your full audience even when your app is closed. Push Notifications are one of the best ways to keep your app active by delivering valuable content directly to your customers. Learn more about Push Notifications - <a href=""%1$s"" target=""_blank"">%1$s</a>","Thông báo đẩy cho phép bạn gửi tin nhắn trực tiếp đến những người đã cài đặt ứng dụng của bạn trên thiết bị của họ. Gửi đầy đủ tin nhắn ngay cả khi bạn đóng ứng dụng. Push Notifications là một trong những cách tốt nhất để giữ cho ứng dụng của bạn đang hoạt động bằng cách cung cấp nội dung có giá trị trực tiếp cho khách hàng của bạn. Tìm hiểu thêm về Push Notifications - <a href=""""%1$s"""" target=""""_blank"""">%1$s</a>"""
"Push Title","Tiêu đề"
"Push message","Tin nhắn"
"Push title","Tiêu đề"
"Qty","Số lượng"
"Qty:","Số lượng:"
"Quantity","Số lượng"
"Quantity:","Số lượng:"
"Queue Date","Ngày đợi"
"Queue Message","Tin nhắn đang đợi"
"Queue does not exist.","Tin nhắn đang đợi không tồn tại."
"Queue is allowed only for applications with enabled Push Notification.","Tin nhắn đang đợi chỉ cho phép đối với các ứng dụng đã kích hoạt Push Notification."
"Quote instance is required.","Tin nhắn đợi là bắt buộc."
"Quote item is not found.","Không tìm thấy sản phẩm trong danh sách chờ."
"Range param doesn\'t recognized","Range param doesn\'t recognized"
"Ratings and Reviews","Đánh giá và xếp hạng"
"Read the Terms and Conditions","Đọc Điều khoản và Điều kiện"
"Recent Activity","Hoạt động gần đây"
"Recipient Information","Thông tin người nhận"
"Recommended size %spx x %spx.","Kích thước gợi ý %spx x %spx."
"Recommended size: %spx x %spx at %s dpi.","Kích thước gợi ý: %spx x %spx at %s dpi."
"Recommended size: %spx x %spx.","Kích thước gợi ý: %spx x %spx."
"Recover","Khôi phục"
"Redeem","Chuyển đổi"
"Redeeming Gift Card %@","Đang chuyển đổi Gift Card %@"
"Redemption functionality is disabled.","Chức năng chuyển đổi đã bị vô hiệu."
"Refunded","Hoàn trả"
"Regions","Khu vực"
"Register","Đăng ký"
"Registering cart ...","Đang đăng ký giỏ hàng ..."
"Registering user ...","Đang đăng ký người dùng ..."
"Regular","Thông thường"
"Regular and confirmation passwords must be equal","Mật khẩu thông thường và mật khẩu xác nhận phải giống nhau"
"Related Product Background Color","Màu nền cho sản phẩm liên quan"
"Release To Update...","Cập nhật..."
"Relevance","Liên quan"
"Remaining downloads","Số lần tải về còn lại"
"Remove","Xóa"
"Remove Address...","Xóa địa chỉ..."
"Removing %@...","Đang xóa %@..."
"Removing Coupon...","Đang xóa thẻ giảm giá..."
"Removing Gift Card...","Đang xóa Gift Card..."
"Removing Product from WishList...","Đang xóa sản phẩm khỏi danh sách thích..."
"Removing Store Credit...","Đang xóa Store Credit..."
"Request param %s is missed","Thiếu yêu cầu param %s"
"Required size: %spx x %spx.","Kích thước yêu cầu: %spx x %spx."
"Reset theme to default","Cài đặt theme về mặc định"
"Resubmission Key","Mã khóa lấy lại"
"Resubmit App","Đăng ký lại ứng dụng"
"Resubmit App failure. %s","Đăng ký lại ứng dụng thất bại. %s"
"Results","Kết quả"
"Revenue","Doanh thu"
"Revert","Trở về"
"Revert Discount","Hoàn lại giảm giá"
"Review","Đánh giá"
"Rich Push allows you to create and send engaging experiences by adding HTML and other rich media components to your push notifications. Moving beyond alerts and badge updates, Rich Push takes users into the app while displaying content in a customizable WebKit view. Create branded messages that engage your users with new content and information, all without having to update your app. Learn more about Rich Push - <a href=""%1$s"" target=""_blank"">%1$s</a>,""Rich Push cho phép bạn tạo và gửi những trải nghiệm hấp dẫn bằng cách thêm HTML và các thành phần phương tiện truyền thông phong phú khác. Để thoát khỏi cảnh báo và cập nhật huy hiệu, Rich Push đưa người dùng vào ứng dụng khi hiển thị nội dung trong một lần xem tùy chỉnh WebKit. Tạo thông điệp thương hiệu đó với người sử dụng của bạn với nội dung và thông tin mới, không cần phải cập nhật ứng dụng của bạn. Tìm hiểu thêm về Rich Push - <a href=""""%1$s"""" target=""""_blank"""">%1$s</a>"""
"SORT BY:","SẮP XẾP THEO:"
"Sample","Mẫu"
"Samples","Mẫu"
"Save","Lưu"
"Save As","Lưu là"
"Save Theme","Lưu Theme"
"Save and Continue Edit","Lưu và tiếp tục chỉnh sửa"
"Save and Submit App","Lưu và nộp ứng dụng"
"Save in address book","Lưu trong danh bạ"
"Saving Address...","Đang lưu địa chỉ..."
"Saving changes ...","Đang lưu các thay đổi ..."
"Saving shipping address ...","Đang lưu địa chỉ giao hàng ..."
"Saving shipping methods ...","Đang lưu phương pháp giao hàng ..."
"Screen resolution is not supported","Không hỗ trợ độ phân giả màn hình này"
"Screens:","Màn hình:"
"Scroll Background Color","Màu nền cuộn"
"Search","Tìm kiếm"
"Search Term","Cụm từ tìm kiếm"
"Search Updated","Tìm kiếm đã cập nhật"
"Searching for %@...","Đang tìm kiếm %@..."
"Secondary Color","Màu thứ cấp"
"Secondary Font Color","Màu phông chữ thứ cấp"
"See all","Xem tất cả"
"Select %@","Chọn %@"
"Select All","Chọn tất cả"
"Select Chart","Chọn biểu đồ"
"Select Links","Chọn liên kết"
"Select Options","Chọn tùy chọn"
"Select Payment Method","Chọn phương pháp thanh toán"
"Select Range","Chọn khoảng"
"Select a","Chọn"
"Select a Billing Address","Chọn địa chỉ thanh toán"
"Select a Shipping Address","Chọn địa chỉ giao hàng"
"Select from Address Book","Chọn từ danh bạ"
"Select shipping method","Chọn phương pháp thanh toán"
"Selected product is unavailable.","Sản phẩm đã chọn không có sẵn."
"Send","Gửi"
"Sender Information","Thông tin người gửi"
"Sending e-mail failed...","Gửi email thất bại..."
"Set","Thiết lập"
"Settings","Cài đặt"
"Shake device to reset the filter","Lắc thiết bị để cài lại bộ lọc"
"Share","Chia sẻ"
"Share on LinkedIn","Chia sẻ trên LinkedIn"
"Share on Twitter","Chia sẻ trên Twitter"
"Ship method","Phương pháp giao hàng"
"Shipped","Vận chuyển"""
"Shipping","Vận chuyển"
"Shipping Address","Địa chỉ vận chuyển"
"Shipping Method","Phương pháp vận chuyển"
"Shipping address","Phương pháp giao hàng"
"Shipping address has been set.","Địa chỉ giao hàng đã được thiết lập."
"Shipping method","Phương pháp giao hàng"
"Shipping method has been set.","Phương pháp vận chuyển đã được thiết lập."
"Shipping method is required","Yêu cầu nhập phương pháp vận chuyển"
"Shipping method successfully updated","Phương pháp vận chuyển được cập nhật thành công"
"Shipping to this address is not possible.","Không thể vận chuyển đến địa chỉ này."
"Shop","Mua hàng"
"Shop All","Mua tất cả"
"Shop Updated","Cửa hàng được cập nhật"
"Shopping Cart","Giỏ hàng"
"Shopping cart is empty.","Giỏ hàng trống."
"Show Password","Hiện mật khẩu"
"Sign In","Đăng nhập"
"Signing In...","Đang đăng nhập..."
"Signing Out ...","Đang đăng xuất ..."
"Sky Blue","Bầu trời xanh"
"Social Networking","Mạng xã hội"""
"Some emails were not sent.","Một số email không được gửi."
"Sorry, no payment options are available for this order at this time.","Xin lỗi, không có sẵn tùy chọn thanh toán cho yêu cầu tại thời điểm này ."
"Sorry, there are no items in this category.","Xin lỗi, không có sản phẩm nào trong nhóm này"
"Special","Đặc biệt"
"Special Excl. Tax","Đặc biệt không gồm thuế"
"Special Incl. Tax","Đặc biệt bao gồm thuế"
"Specific Countries","Quốc gia chỉ định"""
"Specified address does not exist.","Địa chỉ không tồn tại."
"Specified invalid app code.","Mã ứng dụng không đúng."
"Specified invalid data.","Dữ liệu không đúng."
"Specified item does not exist in wishlist.","Sản phẩm được chỉ định không tồn tại trong danh sách thích."
"Standard Checkout","Tiêu chuẩn thanh toán"
"Standard Checkout uses the checkout methods provided by Magento. Only inline payment methods are supported. (e.g PayPal Direct,  Authorize.Net, etc.)","Tiêu chuẩn thanh toán sử dụng các phương pháp thanh toán được cung cấp bởi Magento. Chỉ có phương pháp thanh toán nội tuyến được hỗ trợ. (Ví dụ PayPal Direct,  Authorize.Net, etc.)"
"Start Date","Ngày bắt đầu"
"Start Date - Month","Tháng bắt đầu"
"Start Date - Year","Năm bắt đầu"
"Starting At","Bắt đầu lúc"
"Starting At Excl. Tax","Bắt đầu không bao gồm thuế"
"Starting At Incl. Tax","Bắt đầu bao gồm thuế"
"Starting at excl. tax","Bắt đầu không bao gồm thuế"
"Starting at incl. tax","Bắt đầu bao gồm thuế"
"State/Province","Tỉnh/Thành"
"Status","Trạng thái"
"Storage of offline cart on server failed. Please retry later","Việc lưu trữ giỏ hàng trực tuyến trên hệ thống thất bại. Vui lòng thử lại"
"Store Credit Info Updated","Thông tin Store Credit được cập nhật"
"Store Credit payment is not being used in your shopping cart.","Thanh toán Store Credit không được sử dụng trong giỏ hàng."
"Store View","Cửa hàng"
"Store credit","Store credit"
"Store logo that is displayed on copyright page of app. Preferred size: 200px x 200px.","Biểu tượng cửa hàng được hiển thị trên trang bản quyền của ứng dụng. Kích thước ưa thích: 200px x 200px."""
"Store switcher hasn\'t been defined","Store switcher hasn\'t been defined"
"Street Address","Địa chỉ"
"Street Address 2","Địa chỉ 2"
"Subject:","Tiêu đề:"
"Submission","Thông tin"
"Submission Fields","Trình mục"
"Submission History","Trình lịch sử"
"Submit App","Gửi ứng dụng"
"Submit App ""%s"","Gửi ứng dụng ""%s"""
"Submit App failure. %s","Gửi ứng dụng thất bại. %s"
"Submit App failure. Invalid activation key provided","Gửi ứng dụng thất bại. Key cung cấp kích hoạt không đúng"
"Submit Review","Gửi đánh giá"
"Submitted","Đã gửi"
"Submitting Review...","Đang gửi đánh giá..."
"Subtotal","Tổng (Subtotal)"
"Subtotal (Excl. Tax)","Tổng (Không bao gồm thuế)"
"Subtotal (Incl. Tax)","Tổng (Đã bao gồm thuế)"
"Subtotal (Excl. Tax)","Tổng (Không bao gồm thuế)"
"Subtotal (Incl. Tax)","Tổng (Đã bao gồm thuế)"
"Subtotal excluding tax","Tổng không có thuế"
"Subtotal incl. tax:","Tổng có thuế:"
"Subtotal including tax","Tổng có thuế"
"Subtotal:","Tổng (Subtotal):"
"Success","Thành công"
"Successfully posted to Facebook","Đăng Facebook thành công"
"Successfully posted to Linkedin","Đăng Linkedin thành công"
"Summary of Your Review","Tóm tắt đánh giá của bạn"
"Swipe a product to reveal more options","Trượt một sản phẩm để xem thêm tùy chọn"
"T-Shirts","Áo phông"
"Tabs,"Thẻ"
"Tax,"Mã số thuế"
"Telephone,"Điện thoại"
"Tell a Friend","Giới thiệu đến bạn bè"
"Tell a Friend is disabled.","Giới thiệu cho bạn bè bị vô hiệu hóa."
"Tell a Friend link has been sent.","Đường dẫn giới thiệu cho bạn bè đã được gửi "
"Template","Mẫu"
"Template Content","Nội dung mẫu"
"Template Name","Tên mẫu"
"Template does not exist.","Mẫu không tồn tại."
"Template for new AirMail Message does not exist.","Mẫu tin nhắn mới không tồn tại."
"Template has been deleted.","Mẫu đã bị xóa."
"Terms And Conditions","Điều khoản và Điều kiện"
"Text length does not satisfy specified max text range.","Độ dài văn bản không đáp ứng độ dài tối đa quy định."
"Text length does not satisfy specified min text range.","Độ dài văn bản không đáp ứng độ dài tối thiểu quy định."
"Thank you for registering!","Cảm ơn bạn đã đăng ký!"
"Thank you for your purchase! ","Cảm ơn bạn đã mua hàng! "
"The %s field should be filled.","Trường %s nên được điền vào."
"The Mailbox title will be shown in the More Info tab. To understand more about the title, please <a target=""_blank"" href=""http://www.magentocommerce.com/img/product/mobile/helpers/mail_box_title.png"">click here</a>","Tiêu đề Mailbox sẽ được hiển thị trong thẻ Hiện thêm thông tin. Để hiểu rõ hơn về tiêu đề, vui lòng <a target=""_blank"" href=""http://www.magentocommerce.com/img/product/mobile/helpers/mail_box_title.png"">nhấn vào</a>"
"The application is currently inactive.\nPlease try again later.","Ứng dụng hiện không hoạt động.\nVui lòng thử lại sau."
"The cart is empty","Giỏ hàng trống"
"The custom amount value should be higher than 0.","Giá trị số lượng tùy chỉnh phải lớn hơn 0."
"The custom amount value should not be higher than %s.","Giá trị số lượng tùy chỉnh không được lớn hơn %s."
"The custom amount value should not be lower than %s.","Giá trị số lượng tùy chỉnh không được ít hơn %s."
"The following email(s) are either mistyped or have incorrect format. Check them and try again:\n","Email dưới đây có thể đã bị gõ nhầm hoặc có định dạng không đúng. Hãy kiểm tra và thử lại:\n"
"The icon that appears in the Android Market.","Icon xuất hiện trong Android Market."
"The length of the text in the %s field is too big. Please shorten the text.","Văn bản trong trường %s quá dài. Hãy rút gọn văn bản."
"The max length of the field ""%@"" is %d!","Độ dài tối đa của trường ""%@"" là %d!"
"The minimum password length is 6","Độ dài tối thiểu mật khẩu là 6"
"The server responded with invalid data.","Máy chủ phản hồi dữ liệu không đúng."
"The shortening service returned status code %d indicating a client side error.","Dịch vụ rút ngắn trả về mã trạng thái %d chỉ ra lỗi về phía khách hàng."
"The shortening service returned status code %d indicating a server side error.","Dịch vụ rút ngắn trả về mã trạng thái %d chỉ ra lỗi hệ thống."
"The store credit payment has been removed from shopping cart.","Thanh toán Store credit đã được gỡ bỏ khỏi giỏ hàng."
"The value is too big!","Giá trị quá lớn!"
"The value should not be greater than %.2f!","Giá trị không nên lớn hơn %.2f!"
"The value should not be less than %.2f!","GIá trị không nên nhỏ hơn %.2f!"
"Theme configurations are successfully reset.","Cấu hình chủ đề được thiết lập lại thành công."
"Theme has been created.","Chủ đề đã được tạo."
"Theme has been delete.","Chủ đề đã bị xóa."
"Theme label can\'t be empty","Nhãn chủ đề không được để trống"
"Theme label:","Nhãn chủ đề:"
"Theme name is not set.","Tên chủ đề không được thiết lập."
"There are files that were selected but not uploaded yet. After switching to another tab your selections may be lost. Do you wish to continue ?","There are files that were selected but not uploaded yet. After switching to another tab your selections may be lost. Do you wish to continue ?"
"There are no items here","There are no items here"
"There are no items in your cart","Không có sản phẩm nào trong giỏ hàng"
"There is an error in loading an app\'s configuration","There is an error in loading an app\'s configuration"
"There is an error in retrieving the data. Please try again later","There is an error in retrieving the data. Please try again later"
"There is no addresses for this contact","There is no addresses for this contact"
"There is no store credit history!","There is no store credit history!"
"There were some problems with the data.","There were some problems with the data."
"This email address was not found in our records.","This email address was not found in our records."
"This functionality disabled in offline mode","This functionality disabled in offline mode"
"This is a required field.","This is a required field."
"This product has no images.","Sản phẩm này không có hình ảnh."
"Title","Tiêu đề"
"Title bar,""Thanh tiêu đề"""
"To","Tới"
"To excl. tax","Không gồm thuế"
"To incl. tax","Bao gồm thuế"
"To activate PayPal MEP payment method activate Express checkout first.","Để kích hoạt thanh toán PayPal MEP đầu tiên hãy kích hoạt thanh toán Express."
"To excl. tax","Không gồm thuế"
"To incl. tax","Bao gồm thuế"
"To preview the newly uploaded images, please save your application first.","Để xem trước hình ảnh vừa tải lên, vui lòng lưu ứng dụng của bạn trước."
"To:","Tới:"
"Token has not been set.","Mã thông báo không được thiết lập."
"Too many recipients have been set.  Max amount of recipients is:","Too many recipients have been set.  Max amount of recipients is:"
"Top Search Terms","Cụm từ tìm kiếm nhiều nhất"
"Total","Tổng"
"Total Order Amount","Tổng đơn đặt hàng"
"Total incl. Tax: %1$s","Tổng cộng đã bao gồm thuế: %1$s"
"Total incl. tax","Tổng bao gồm thuế"
"Totals","Tổng"
"Touch and hold a product to delete from shopping cart","Chạm và giữ một sản phẩm để xóa khỏi giỏ hàng"
"Touch and hold a product to reveal more options","Chạm và giữ một sản phẩm để xem thêm tùy chọn"
"Try Again","Try Again"
"Twitter","Twitter"
"Twitter API","Twitter API"
"Twitter API Key","Twitter API Key"
"Twitter Authorization","Twitter Authorization"
"Twitter Autorization","Twitter Autorization"
"Twitter Secret Key","Twitter Secret Key"
"Twitter post failed...","Bài đăng Twitter thất bại..."
"Type","Loại"
"Type and data is required","Loại và dữ liệu là bắt buộc"
"URL","URL"
"Unable to cancel Mobile Express Checkout.","Không thể hủy thanh toán qua Mobile Express."
"Unable to cancel queue.","Không thể hủy hàng đợi."
"Unable to collect cart totals.","Không thể tổng hợp tổng số giỏ hàng."
"Unable to delete queue.","Không thể xóa hàng đợi."
"Unable to find an app to delete.","Không tìm thấy ứng dụng để xóa."
"Unable to find template to delete.","Không tìm thấy mẫu để xóa."
"Unable to get shipping methods list.","Không thể lấy danh sách phương pháp vận chuyển."
"Unable to initialize MEP Checkout.","Không thể khởi tạo thanh toán MEP."
"Unable to initialize PayPal Mobile Express Checkout.","Không thể khởi tạo thanh toán thông qua PayPal Mobile."
"Unable to initialize express checkout review.","Không thể khởi tạo xem lại thanh toán."
"Unable to initialize express checkout shipping method list.","Không thể khởi tạo danh sách kiểm tra phương pháp vận chuyển."
"Unable to initialize return action.","Không thể khởi động trở lại."
"Unable to load addresses.","Không thể tải địa chỉ."
"Unable to load application form.","Không thể tải mẫu đơn."
"Unable to load banners.","Không thể tải banner."
"Unable to load billing address form.","Không thể tải mẫu địa chỉ thanh toán."
"Unable to load billing address.","Không thể tải địa chỉ thanh toán."
"Unable to load categories.","Không thể tải loại hàng."
"Unable to load checkout.","Không thể tải thanh toán."
"Unable to load localization.","Unable to load localization."
"Unable to load order list.","Không thể tải danh sách đơn hàng."
"Unable to load order review.","Không thể tải xem lại đơn hàng."
"Unable to load product gallery.","Không thể tải thư viện sản phẩm."
"Unable to load product info.","Không thể tải thông tin sản phẩm."
"Unable to load product options.","Không thể tải tùy chọn sản phẩm."
"Unable to load product review.","Không thể tải đánh giá sản phẩm."
"Unable to load product reviews.","Không thể tải đánh giá sản phẩm."
"Unable to load review form.","Không thể tải form đánh giá."
"Unable to load search.","Không thể tải tìm kiếm."
"Unable to load shipping address form.","Không thể tải form địa chỉ vận chuyển."
"Unable to place the order.","Không thể đặt hàng."
"Unable to post the review.","Không thể đăng đánh giá."
"Unable to process preview.","Không thể tiến hành xem lại."
"Unable to render a gift card account.","Unable to render a gift card account."
"Unable to render an order.","Unable to render an order."
"Unable to render downloadable products.","Unable to render downloadable products."
"Unable to render the store credits.","Unable to render the store credits."
"Unable to save app.","Unable to save app."
"Unable to save message.","Unable to save message."
"Unable to save shipping address.","Unable to save shipping address."
"Unable to save shipping method.","Unable to save shipping method."
"Unable to save template.","Unable to save template."
"Unable to start MEP Checkout.","Unable to start MEP Checkout."
"Unable to start Mobile Express Checkout.","Unable to start Mobile Express Checkout."
"Unable to update shipping method.","Unable to update shipping method."
"Undefined","Không xác định được"
"Unit Price","Đơn vị giá"
"Unit Price:","Đơn vị giá:"
"Unknown Error","Unknown Error"
"Unknown Error.","Unknown Error."
"Unknown Payment Bridge Error","Unknown Payment Bridge Error"
"Unknown error ocured. Please retry later","Unknown error ocured. Please retry later"
"Unsupported character in path: ""%s""","Unsupported character in path: ""%s"""
"Unsupported value type received","Unsupported value type received"
"Update Comment Error","Update Comment Error"
"Update Preview","Cập nhật xem lại"
"Updating ...","Đang cập nhật ..."
"Updating Cart...","Đang cập nhật giỏ hàng..."
"Upon receiving these credentials, please fill in the corresponding fields.","Upon receiving these credentials, please fill in the corresponding fields."
"Urban Airship Push Notification","Urban Airship Push Notification"
"Use Billing Address","Use Billing Address"
"Use Store Credit (%s available)","Use Store Credit (%s available)"
"Use as my default billing address","Use as my default billing address"
"Use as my default shipping address","Use as my default shipping address"
"Use billing address for shipping","Use billing address for shipping"
"User Name:","User Name:"
"User session is expired","User session is expired"
"Version","Version"
"View Cart","Xem giỏ hàng"
"View Details","Xem chi tiết"
"View Gallery","Xem thư viện"
"View Wishlist","Xem danh sách thích"
"Warning: All related AirMail messages will be deleted!","Warning: All related AirMail messages will be deleted!"
"Website is offline","Website is offline"
"Website is offline.","Website is offline."
"WishList Updated","Danh sách thích được cập nhật"
"Wishlist has been cleared.","Đã xóa danh sách thích."
"Wishlist has been updated.","Đã cập nhật danh sách thích."
"Wishlist has been updated. But there are accrued some errors while updating some items.","Danh sách thích đã được cập nhật. Nhưng có lỗi xảy ra khi cập nhật một số sản phẩm."
"Wishlist is empty.","Danh sách thích trống."
"Write a Review","Viết đánh giá"
"Write a review","Viết đánh giá"
"Wrong Ipad background image orientation has been specified: ""%s"".","Hướng hình nền Ipad sai: ""%s""."
"Wrong PayPal Mobile Express Checkout Token specified.","Wrong PayPal Mobile Express Checkout Token specified."
"Wrong device type.","Loại thiết bị sai."
"Wrong email format","Định dạng email sai"
"Wrong or expired Gift Card Code.","Wrong or expired Gift Card Code."
"Wrong theme format.","Định dạng chủ đề sai."
"YYYY","YYYY"
"Year","Năm"
"Yes","Có"
"You are already logged in.","Bạn đã đăng nhập."
"You are not logged in","Bạn chưa đăng nhập"
"You can watch statistics here.","Bạn có thể xem thống kê ở đây."
"You canceled your order. Touch ""Pay with PayPal"" to try again.","Bạn đã hủy đơn hàng. Nhấn ""Thanh toán với PayPal"" để thử lại."
"You have entered an incorrect decimal value in the custom amount field. Provide a valid value.","Bạn vừa nhập vào giá trị số thập phân. Vui lòng nhập một giá trị đúng."
"You have placed no orders.","Bạn chưa có đặt hàng nào."
"You have uncommitted actions. Commit?","You have uncommitted actions. Commit?"
"You may also like","Có thể bạn cũng thích"
"You must login first","Trước tiên bạn cần phải đăng nhập"
"You must read and agree to the Terms and Conditions before placing your order.","Bạn phải đọc và đồng ý với các điều khoản và điều kiện trước khi đặt hàng."
"You need to enable PayPal Express Checkout first from the Payment configuration before enabling PayPal MECL.","Đầu tiên bạn cần kích hoạt thanh toán PayPal Express từ cấu hình Payment trước khi kích hoạt PayPal MECL."
"You will receive an order confirmation email with details of your order and a link to track its progress.","Bạn sẽ nhận được một email xác nhận đơn hàng với các chi tiết đặt hàng của bạn và một liên kết để theo dõi tiến trình của mình."
"Your current balance is:","Số dư hiện tại của bạn là:"
"Your order # is: %s. ","Đơn hàng của bạn # là: %s. "
"Your order cannot be completed at this time as there is no payment methods available for it.","Không thể hoàn thành đặt hàng bây giờ vì không có phương pháp thanh toán nào áp dụng cho đơn hàng này."
"Your order failed. Touch ""Pay with PayPal"" to try again.","Đơn đặt hàng của bạn thật bại. Chạm ""Thanh toán bằng PayPal"" để thử lại."
"Your review has been accepted for moderation.","Đánh giá của bạn đã được chấp nhận cho việc kiểm duyệt."""
"Your tweet has been sent. Thanks for sharing this product on Twitter","Tweet của bạn đã được gửi. Cảm ơn đã chia sẻ trên Twitter"
"Zip/Postal Code","Mã Bưu điện/Bưu Chính"
"\'%s\' exceeds the allowed file size: %d (bytes)","\'%s\' vượt quá kích thước cho phép: %d (bytes)"
"\'%s\' height exceeds allowed value of %d px","\'%s\' chiều cao vượt quá giá trị cho phép của %d px"
"\'%s\' is not a valid file extension. Allowed extensions: %s","\'%s\' không phải là một tập tin mở rộng đúng. Phần mở rộng cho phép: %s"
"\'%s\' width exceeds allowed value of %d px","\'%s\' chiều rộng vượt quá cho phép của %d px"
"and","và"
"as Guest","là Khách"
"each","mỗi"
"field is required","trường bắt buộc"
"iPad","iPad"
"iPhone","iPhone"
"image_id is required","image_id là bắt buộc"
"not set","chưa thiết lập"
"required","bắt buộc"
"save","lưu"
"ver. %s","ver. %s"